model,accScore,precScore,recallScore,f1Score
MLPClassifier,0.9881236986195727,0.998790444511642,0.9783767772511849,0.9884782283405656
