model,accScore,precScore,recallScore,f1Score
MLPClassifier,0.989820313102491,0.9993910793119196,0.980875541610638,0.9900467501131051
