model,accScore,precScore,recallScore,f1Score
MLPClassifier,0.9902830261432868,0.9984823190165427,0.982673637042569,0.9905149051490515
